building_id,meter,timestamp,primary_use,square_feet,year_built,air_temperature,cloud_coverage,dew_temperature,meter_reading
0,0,01-01-2016 00:00,Education,7432,2008,25,6,20,0
1,0,01-01-2016 00:00,Education,2720,2004,24.4,,21.1,0
2,0,01-01-2016 00:00,Education,5376,1991,22.8,2,21.1,0
3,0,01-01-2016 00:00,Education,23685,2002,21.1,2,20.6,0
4,0,01-01-2016 00:00,Education,116607,1975,20,2,20,0
5,0,01-01-2016 00:00,Education,8000,2000,19.4,,19.4,0
6,0,01-01-2016 00:00,Lodging/residential,27926,1981,21.1,6,21.1,0
7,0,01-01-2016 00:00,Education,121074,1989,21.1,,21.1,0
8,1,01-01-2016 00:00,Education,60809,2003,20.6,,20,0
9,0,01-01-2016 00:00,Office,27000,2010,21.1,,20.6,0
10,0,01-01-2016 00:00,Entertainment/public assembly,370773,1991,21.1,,20.6,0
11,1,01-01-2016 00:00,Education,49073,1968,20.6,,20,0
12,0,01-01-2016 00:00,Lodging/residential,37100,1999,18.9,6,18.9,0
13,0,01-01-2016 00:00,Education,99380,2000,20,,20,0
14,0,01-01-2016 00:00,Education,86250,2013,21.7,,21.1,0
15,0,01-01-2016 00:00,Office,83957,1974,23.9,,21.1,0
16,1,01-01-2016 00:00,Education,54644,1996,26.1,,20,0
17,0,01-01-2016 00:00,Office,15250,1980,26.7,,20.6,0
18,1,01-01-2016 00:00,Education,111891,1996,27.8,6,20,0
19,0,01-01-2016 00:00,Office,18717,2004,28.3,,19.4,0
20,1,01-01-2016 00:00,Education,110272,1977,28.3,,18.9,0
21,0,01-01-2016 00:00,Office,7043,1990,27.8,,18.3,0
22,0,01-01-2016 00:00,Education,3569,1996,26.7,,18.3,0
23,0,01-01-2016 00:00,Education,130885,1985,25.6,,18.3,0
24,0,01-01-2016 00:00,Education,105545,2001,24.4,6,18.9,0
25,0,01-01-2016 00:00,Office,103286,1969,23.9,4,18.3,0
26,0,01-01-2016 00:00,Office,26953,2005,22.2,,19.4,0
27,0,01-01-2016 00:00,Lodging/residential,59200,1999,21.1,,18.9,0
28,0,01-01-2016 00:00,Office,52957,2016,20.6,,17.8,0
29,0,01-01-2016 00:00,Education,113866,2006,19.4,4,17.2,0
30,0,01-01-2016 00:00,Education,93897,1999,18.9,6,17.2,0
31,0,01-01-2016 00:00,Education,61904,2001,18.9,,17.2,0
32,0,01-01-2016 00:00,Office,48392,2005,18.9,,16.7,0
33,0,01-01-2016 00:00,Lodging/residential,38686,2002,18.3,,16.7,0
34,1,01-01-2016 00:00,Lodging/residential,42731,2002,18.9,,16.7,0
35,0,01-01-2016 00:00,Lodging/residential,41617,2002,16.7,,13.9,0
36,1,01-01-2016 00:00,Lodging/residential,53130,2002,15.6,8,13.3,0
37,0,01-01-2016 00:00,Lodging/residential,53130,2002,15,,13.9,0
38,1,01-01-2016 00:00,Office,12769,2013,16.1,,13.3,0
39,0,01-01-2016 00:00,Office,64619,1969,17.2,,13.3,0
40,1,01-01-2016 00:00,Entertainment/public assembly,26944,2001,17.8,,13.3,0
41,0,01-01-2016 00:00,Office,93860,1968,19.4,,11.7,0
42,0,01-01-2016 00:00,Other,226506,1968,20.6,6,11.7,0
43,0,01-01-2016 00:00,Retail,59071,1980,22.2,,12.8,0
44,0,01-01-2016 00:00,Retail,283,1985,22.8,,13.9,0
45,0,01-01-2016 00:00,Retail,15304,2016,21.1,,13.9,53.2397
46,0,01-01-2016 00:00,Retail,9045,2016,20,,13.9,0
47,0,01-01-2016 00:00,Retail,31666,2008,18.9,,13.9,0
48,0,01-01-2016 00:00,Other,9569,1989,17.8,8,13.9,0
49,0,01-01-2016 00:00,Lodging/residential,24456,1968,16.7,,12.8,0
50,0,01-01-2016 00:00,Other,4698,1981,16.7,,12.8,0
51,0,01-01-2016 00:00,Parking,387638,2014,16.1,,12.8,0
52,0,01-01-2016 00:00,Education,106523,1970,16.7,,12.8,0
53,1,01-01-2016 00:00,Office,87742,1971,15.6,,12.8,0
54,0,01-01-2016 00:00,Education,7867,2011,15.6,8,13.3,0
55,0,01-01-2016 00:00,Office,16726,2011,15,,12.2,0
56,0,01-01-2016 00:00,Lodging/residential,60088,2013,15,,12.2,0
57,0,01-01-2016 00:00,Lodging/residential,65359,2013,15,,12.2,0
58,0,01-01-2016 00:00,Lodging/residential,83379,2013,14.4,,11.7,0
59,0,01-01-2016 00:00,Entertainment/public assembly,81337,2005,14.4,,12.2,0
60,0,01-01-2016 00:00,Education,81576,1997,14.4,8,12.2,0
61,1,01-01-2016 00:00,Lodging/residential,38686,2001,14.4,,12.2,0
62,0,01-01-2016 00:00,Lodging/residential,42731,2001,13.3,,11.7,0
63,0,01-01-2016 00:00,Lodging/residential,41617,2001,13.3,,11.7,0
64,0,01-01-2016 00:00,Lodging/residential,53130,2001,13.3,,12.2,0
65,0,01-01-2016 00:00,Lodging/residential,53130,2001,13.3,,12.2,0
66,0,01-01-2016 00:00,Lodging/residential,37241,1981,14.4,8,12.8,0
67,1,01-01-2016 00:00,Lodging/residential,24456,1968,15,,12.8,0
68,0,01-01-2016 00:00,Parking,487433,2007,14.4,,12.8,0
69,0,01-01-2016 00:00,Parking,387638,2000,14.4,,13.3,0
70,0,01-01-2016 00:00,Parking,387638,2007,13.9,,12.2,0
71,0,01-01-2016 00:00,Parking,387638,1998,12.8,,11.7,0
72,0,01-01-2016 00:00,Parking,387638,2002,12.2,8,11.1,43.0013
73,1,01-01-2016 00:00,Parking,387638,2008,11.7,,11.1,0
74,0,01-01-2016 00:00,Parking,387638,1997,11.1,,10,0
75,0,01-01-2016 00:00,Education,80942,2010,11.1,,10,0
76,0,01-01-2016 00:00,Education,128887,2009,9.4,,7.2,0
77,0,01-01-2016 00:00,Lodging/residential,24456,1968,10.6,,7.8,0
78,0,01-01-2016 00:00,Education,76257,2007,10,8,8.3,0
79,0,01-01-2016 00:00,Office,36240,2010,10,,7.8,0
80,0,01-01-2016 00:00,Office,156111,2001,10.6,,7.8,0
81,0,01-01-2016 00:00,Other,3025,1979,10.6,,6.7,0
82,0,01-01-2016 00:00,Office,10743,1974,10,,4.4,0
83,0,01-01-2016 00:00,Other,2070,1996,10,,4.4,0
84,0,01-01-2016 00:00,Office,4038,1986,9.4,6,4.4,0
85,0,01-01-2016 00:00,Lodging/residential,37241,1981,8.9,4,3.9,0
86,0,01-01-2016 00:00,Education,10932,1986,11.1,2,2.2,0
87,0,01-01-2016 00:00,Entertainment/public assembly,6412,2006,13.3,4,2.2,0
88,0,01-01-2016 00:00,Entertainment/public assembly,76527,2007,15.6,2,1.1,0
89,1,01-01-2016 00:00,Retail,161755,1996,15.6,0,-0.6,0
90,0,01-01-2016 00:00,Lodging/residential,59200,1999,17.2,0,-1.7,0
91,1,01-01-2016 00:00,Education,68094,2003,17.8,0,-0.6,52.4206
92,0,01-01-2016 00:00,Office,10779,1970,17.8,0,-1.7,0
93,0,01-01-2016 00:00,Office,33370,1982,17.8,0,-0.6,0
94,1,01-01-2016 00:00,Education,29469,1968,17.8,0,-1.1,0
95,0,01-01-2016 00:00,Lodging/residential,200933,2006,14.4,0,2.2,0
96,0,01-01-2016 00:00,Lodging/residential,200933,2006,13.3,0,3.9,0
97,0,01-01-2016 00:00,Lodging/residential,187647,2007,13.3,0,4.4,0
98,0,01-01-2016 00:00,Lodging/residential,200933,2007,12.2,0,6.1,0
99,1,01-01-2016 00:00,Office,2260,2016,11.1,2,6.7,0
100,0,01-01-2016 00:00,Lodging/residential,24456,1968,11.7,0,6.1,0
101,0,01-01-2016 00:00,Office,18860,1986,10.6,0,6.1,0
102,0,01-01-2016 00:00,Office,15876,1983,10,0,6.1,0
103,0,01-01-2016 00:00,Education,21657,2016,10.6,0,6.1,23.3036
104,0,01-01-2016 00:00,Office,45330,2003,10.6,0,6.7,0.3746
105,0,01-01-2016 00:00,Education,50623,,10,0,6.7,0
106,0,01-01-2016 00:00,Education,5374,,10.6,0,6.7,175.184
107,0,01-01-2016 00:00,Education,97532,2005,11.1,0,6.7,91.2653
108,0,01-01-2016 00:00,Education,81580,1913,11.7,2,7.8,80.93
109,1,01-01-2016 00:00,Education,56995,1953,12.2,4,7.8,0
110,0,01-01-2016 00:00,Education,27814,2006,13.9,2,7.8,86.2283
111,1,01-01-2016 00:00,Education,118338,1909,15.6,4,8.9,167.392
112,0,01-01-2016 00:00,Education,32206,,18.9,,9.4,10.2748
113,0,01-01-2016 00:00,Education,100481,1958,19.4,4,8.3,96.978
114,0,01-01-2016 00:00,Education,139683,1958,20,6,7.8,159.643
115,1,01-01-2016 00:00,Education,129716,1968,20,,5.6,19.597
116,0,01-01-2016 00:00,Education,37265,,18.9,,8.9,324.75
117,1,01-01-2016 00:00,Education,15489,2004,17.8,,7.8,100
118,0,01-01-2016 00:00,Education,138316,1960,17.2,,8.3,201.543
119,1,01-01-2016 00:00,Education,91149,2007,16.7,,8.9,69.3
120,0,01-01-2016 00:00,Education,68211,1976,16.1,8,9.4,16.3061
121,1,01-01-2016 00:00,Education,150318,1906,16.1,,9.4,19.6809
122,0,01-01-2016 00:00,Education,83043,1991,15.6,,10,117.2
123,0,01-01-2016 00:00,Education,61204,1989,15,,10.6,219.204
124,0,01-01-2016 00:00,Education,38319,1900,13.9,,10,200
125,0,01-01-2016 00:00,Education,16802,1995,13.9,,10,52.25
126,0,01-01-2016 00:00,Education,21539,2004,13.3,8,11.7,229
127,1,01-01-2016 00:00,Lodging/residential,27071,,13.3,,11.7,299.729
128,0,01-01-2016 00:00,Lodging/residential,102774,1956,13.9,,12.2,134.3
129,0,01-01-2016 00:00,Lodging/residential,102957,1968,13.9,,11.7,46.4
130,0,01-01-2016 00:00,Lodging/residential,62893,1960,13.3,,11.7,9.3
131,0,01-01-2016 00:00,Lodging/residential,66661,1930,13.9,,12.8,74.9
132,0,01-01-2016 00:00,Lodging/residential,83108,1995,14.4,8,13.3,46.8
133,0,01-01-2016 00:00,Lodging/residential,64723,1960,14.4,,13.3,8.6786
134,0,01-01-2016 00:00,Lodging/residential,49589,1998,12.8,,11.7,31.2
135,0,01-01-2016 00:00,Lodging/residential,66532,1967,13.9,,12.8,33.1
136,0,01-01-2016 00:00,Lodging/residential,56467,1960,15,,13.3,14.3
137,1,01-01-2016 00:00,Entertainment/public assembly,64024,1967,17.2,,14.4,82.5987
138,0,01-01-2016 00:00,Public services,118231,,19.4,6,15.6,17.6
139,0,01-01-2016 00:00,Public services,56629,1900,20,,15.6,17.7
140,1,01-01-2016 00:00,Office,50020,,21.1,,13.9,27.2
141,0,01-01-2016 00:00,Office,44789,1919,18.9,,15,26.9
142,0,01-01-2016 00:00,Office,45348,,17.2,,13.9,16.4553
143,0,01-01-2016 00:00,Office,40085,,16.1,,14.4,14.25
144,0,01-01-2016 00:00,Office,57673,,15.6,8,13.9,36.438
145,1,01-01-2016 00:00,Office,14219,,15.6,,13.3,0.2421
146,0,01-01-2016 00:00,Office,31614,1956,15,,13.3,12.6071
147,1,01-01-2016 00:00,Office,82548,1977,14.4,,13.3,0
148,0,01-01-2016 00:00,Office,174601,1960,14.4,,13.3,8.0204
149,1,01-01-2016 00:00,Office,81881,1960,14.4,,13.3,20.648
150,0,01-01-2016 00:00,Office,65657,1955,14.4,8,13.3,13.3776
151,0,01-01-2016 00:00,Office,30495,1997,14.4,,13.3,15.5
152,0,01-01-2016 00:00,Office,10301,1970,13.9,,13.3,28.0638
153,0,01-01-2016 00:00,Office,16092,1965,13.9,,13.3,9.7989
154,0,01-01-2016 00:00,Office,34455,1907,13.9,,13.3,9.435
155,0,01-01-2016 00:00,Office,51688,1930,14.4,,13.9,100
156,0,01-01-2016 00:00,Public services,43681,2007,14.4,8,13.9,6.2
157,0,01-01-2016 00:00,Office,5258,,14.4,,13.9,72.0612
158,0,01-01-2016 00:00,Office,10135,,15,,13.9,47.2
159,0,01-01-2016 00:00,Education,9788,,15,,13.9,53.102
160,0,01-01-2016 00:00,Entertainment/public assembly,15786,,17.2,,13.9,161.7
161,0,01-01-2016 00:00,Education,11329,,18.3,,14.4,18.8
162,0,01-01-2016 00:00,Education,98829,1968,19.4,6,15,4.594
163,1,01-01-2016 00:00,Education,72102,1970,21.1,4,15.6,7.1
164,0,01-01-2016 00:00,Warehouse/storage,12908,1979,22.8,,15.6,109.8
165,1,01-01-2016 00:00,Warehouse/storage,3877,1975,22.2,,15,57.75
166,0,01-01-2016 00:00,Lodging/residential,553210,2009,21.1,,15,114.71
167,1,01-01-2016 00:00,Lodging/residential,86323,1956,20.6,,14.4,28.1
168,0,01-01-2016 00:00,Education,183460,2005,19.4,8,15,19.49
169,1,01-01-2016 00:00,Education,179559,2006,17.8,,15.6,11.82
170,0,01-01-2016 00:00,Retail,45224,1982,16.7,,15,5.44
171,0,01-01-2016 00:00,Office,131797,1968,16.1,,15,7.4
172,0,01-01-2016 00:00,Office,121440,1983,15.6,,15,0
173,0,01-01-2016 00:00,Education,90903,,15.6,9,15,68.62
174,0,01-01-2016 00:00,Education,90900,,15.6,8,15,0
175,0,01-01-2016 00:00,Education,111635,1989,15.6,,15,77.61
176,0,01-01-2016 00:00,Education,62238,1970,15.6,,15.6,4.5719
177,0,01-01-2016 00:00,Entertainment/public assembly,167066,1989,15.6,,15,35.1685
178,0,01-01-2016 00:00,Office,23392,,15.6,,15.6,23.4
179,0,01-01-2016 00:00,Food sales and service,24867,2012,15.6,,15,10.56
180,0,01-01-2016 00:00,Education,24586,,15.6,8,15.6,296.72
181,0,01-01-2016 00:00,Education,148829,2014,16.1,,15.6,209.886
182,1,01-01-2016 00:00,Entertainment/public assembly,1022,,16.7,,16.1,120.159
183,0,01-01-2016 00:00,Education,132518,1992,17.2,,16.1,58.52
184,0,01-01-2016 00:00,Education,34171,,17.8,,16.1,0
185,0,01-01-2016 00:00,Education,84300,,17.8,,16.7,41.0299
186,0,01-01-2016 00:00,Religious worship,1629,1948,18.3,8,17.2,463.8
187,0,01-01-2016 00:00,Education,44203,1950,20,,17.8,51.557
188,0,01-01-2016 00:00,Office,23549,1941,20.6,,17.8,184.635
189,0,01-01-2016 00:00,Education,7481,1969,22.2,,18.3,468.71
190,1,01-01-2016 00:00,Education,137040,1957,21.7,,18.3,176.686
191,0,01-01-2016 00:00,Education,78268,1964,20.6,,17.8,296.002
192,0,01-01-2016 00:00,Education,151637,1983,19.4,6,17.8,41.88
193,0,01-01-2016 00:00,Office,6203,1999,18.3,,17.2,11.2891
194,0,01-01-2016 00:00,Office,155682,,17.2,2,16.1,33.11
195,0,01-01-2016 00:00,Office,9703,1940,16.7,4,15.6,0
196,1,01-01-2016 00:00,Entertainment/public assembly,40531,,16.1,,15,5.8614
197,0,01-01-2016 00:00,Public services,102856,,15,,14.4,111.08
198,0,01-01-2016 00:00,Office,163959,2004,15,8,14.4,0
199,0,01-01-2016 00:00,Parking,405083,2004,14.4,,13.9,171.04
200,0,01-01-2016 00:00,Entertainment/public assembly,143093,1964,14.4,,13.9,19.3427
201,0,01-01-2016 00:00,Education,219608,1992,15,,15,179.9
202,1,01-01-2016 00:00,Lodging/residential,74682,2006,15,,14.4,52.8583
203,0,01-01-2016 00:00,Lodging/residential,63348,2007,15,9,15,86.59
204,0,01-01-2016 00:00,Lodging/residential,30949,1951,15,9,15,116.337
205,0,01-01-2016 00:00,Lodging/residential,60086,2001,15.6,9,15,20.515
206,0,01-01-2016 00:00,Public services,345837,1966,15.6,9,15.6,25.41
207,0,01-01-2016 00:00,Public services,99700,,16.1,9,16.1,0
208,0,01-01-2016 00:00,Healthcare,36904,1934,16.7,,16.7,0
209,0,01-01-2016 00:00,Education,193294,2006,18.9,,17.2,205.64
210,0,01-01-2016 00:00,Education,71248,2004,20,8,17.2,130.686
211,0,01-01-2016 00:00,Education,48411,,21.7,,17.8,55.6835
212,0,01-01-2016 00:00,Education,327256,2012,21.1,,17.8,25.05
213,0,01-01-2016 00:00,Education,49662,1964,21.7,,17.8,5.8731
214,0,01-01-2016 00:00,Education,91273,1951,21.7,,17.8,39.37
215,0,01-01-2016 00:00,Lodging/residential,36406,1940,20.6,,17.8,0.0703
216,0,01-01-2016 00:00,Education,137065,1964,19.4,8,18.9,2.9307
217,0,01-01-2016 00:00,Education,282946,2003,19.4,,17.8,20.12
218,1,01-01-2016 00:00,Public services,16411,,19.4,,18.9,20.3274
219,0,01-01-2016 00:00,Education,96124,1959,18.9,,18.3,227.38
220,1,01-01-2016 00:00,Education,122592,1971,18.3,,17.8,12.5903
221,0,01-01-2016 00:00,Education,204349,1993,17.8,,17.2,1.31
222,0,01-01-2016 00:00,Entertainment/public assembly,11935,1939,18.3,6,17.8,146.99
223,1,01-01-2016 00:00,Education,261188,,19.4,,18.9,13.0827
224,0,01-01-2016 00:00,Education,272278,1955,19.4,,18.3,14.6536
225,0,01-01-2016 00:00,Lodging/residential,216526,1967,19.4,,18.9,20.55
226,0,01-01-2016 00:00,Office,74180,1930,19.4,,18.9,11.7228
227,0,01-01-2016 00:00,Entertainment/public assembly,17132,1918,20.6,,19.4,46.86
228,1,01-01-2016 00:00,Lodging/residential,49108,1951,20.6,8,20,3.52
229,0,01-01-2016 00:00,Education,140092,,20.6,,20,5.13
230,0,01-01-2016 00:00,Education,10334,,21.1,,18.9,0.6682
231,0,01-01-2016 00:00,Education,33739,1939,21.7,,17.8,0
232,0,01-01-2016 00:00,Entertainment/public assembly,24345,1981,21.1,,16.7,11.28
233,0,01-01-2016 00:00,Education,25139,1970,20,,15.6,6.1545
234,0,01-01-2016 00:00,Education,179167,1971,19.4,8,13.3,4.67
235,0,01-01-2016 00:00,Education,9309,1970,18.9,,12.2,0
236,0,01-01-2016 00:00,Entertainment/public assembly,144086,1989,17.8,,11.7,118.48
237,0,01-01-2016 00:00,Public services,101262,1982,18.3,,11.1,0
238,1,01-01-2016 00:00,Office,45017,,17.2,,10,64.4756
239,0,01-01-2016 00:00,Lodging/residential,106440,1963,15.6,,9.4,54.85
240,1,01-01-2016 00:00,Lodging/residential,111304,1964,14.4,4,9.4,82.8922
241,0,01-01-2016 00:00,Entertainment/public assembly,51999,1974,13.9,,8.9,49.8221
242,0,01-01-2016 00:00,Parking,157113,1987,13.3,,8.9,687.44
243,0,01-01-2016 00:00,Parking,557217,2004,12.8,,8.9,251.701
244,1,01-01-2016 00:00,Education,95717,,12.8,,8.9,67.4063
245,0,01-01-2016 00:00,Education,88486,,12.2,,8.3,3.39
246,1,01-01-2016 00:00,Office,202435,1967,11.7,6,6.7,242.13
247,0,01-01-2016 00:00,Education,64560,1965,11.1,,7.2,11.5353
248,1,01-01-2016 00:00,Education,24643,1982,10.6,,6.7,8.01
249,0,01-01-2016 00:00,Entertainment/public assembly,179449,1976,9.4,,3.3,24.1959
250,1,01-01-2016 00:00,Education,131710,1991,8.3,,3.3,8.7921
251,0,01-01-2016 00:00,Education,12773,,7.2,,3.9,70.93
252,0,01-01-2016 00:00,Education,4314,1907,6.7,6,3.3,96.53
253,0,01-01-2016 00:00,Education,65907,1964,6.7,4,3.3,16.8809
254,0,01-01-2016 00:00,Entertainment/public assembly,254766,1989,7.8,2,2.8,197.87
255,0,01-01-2016 00:00,Education,49078,1914,8.9,2,1.7,46.2466
256,1,01-01-2016 00:00,Education,16744,,10.6,2,2.8,102.45
257,0,01-01-2016 00:00,Education,75650,,11.7,2,1.7,63.09
258,0,01-01-2016 00:00,Education,71224,,12.8,2,1.1,49.8689
259,0,01-01-2016 00:00,Education,77469,,14.4,2,1.1,64.4756
260,0,01-01-2016 00:00,Education,126985,1979,15,2,1.1,493.4
261,0,01-01-2016 00:00,Education,89770,,15.6,0,1.7,267.14
262,0,01-01-2016 00:00,Entertainment/public assembly,20804,1999,15,0,1.7,99.6441
263,0,01-01-2016 00:00,Education,87673,1960,12.8,0,2.8,143.25
264,0,01-01-2016 00:00,Office,83660,1973,11.1,0,2.2,98.1905
265,0,01-01-2016 00:00,Office,118966,1988,10,0,5,61.5449
266,1,01-01-2016 00:00,Education,30543,,8.9,0,3.9,241.35
267,0,01-01-2016 00:00,Entertainment/public assembly,72193,2013,7.8,0,3.9,181.786
268,0,01-01-2016 00:00,Entertainment/public assembly,77844,,7.8,0,3.9,99.6441
269,1,01-01-2016 00:00,Entertainment/public assembly,809530,1958,6.1,0,3.3,24.22
270,0,01-01-2016 00:00,Office,29778,,5.6,2,3.3,42.0615
271,0,01-01-2016 00:00,Education,71421,,6.1,2,3.9,69.86
272,0,01-01-2016 00:00,Education,4583,,5,2,2.8,85.8815
273,0,01-01-2016 00:00,Office,140345,,5.6,4,2.8,161.74
274,1,01-01-2016 00:00,Office,42214,1985,5.6,4,2.8,169.02
275,0,01-01-2016 00:00,Office,70832,2014,6.1,,2.8,2.9307
276,1,01-01-2016 00:00,Office,70837,2014,6.1,4,2.2,82.32
277,0,01-01-2016 00:00,Education,12761,1909,6.1,4,2.2,20.2571
278,1,01-01-2016 00:00,Office,148101,,9.4,2,3.3,77.29
279,0,01-01-2016 00:00,Education,49384,1967,12.2,2,3.9,0.1055
280,0,01-01-2016 00:00,Entertainment/public assembly,105505,2008,14.4,4,1.7,893.28
281,0,01-01-2016 00:00,Food sales and service,28862,,16.7,4,-1.1,812.392
282,0,01-01-2016 00:00,Office,28750,,17.8,4,-2.2,363.408
283,0,01-01-2016 00:00,Entertainment/public assembly,51920,,18.9,4,-3.9,166.26
284,0,01-01-2016 00:00,Entertainment/public assembly,230259,1975,19.4,4,-3.3,25.9192
285,0,01-01-2016 00:00,Utility,21958,,18.3,,-4.4,55.6835
286,0,01-01-2016 00:00,Lodging/residential,32841,1935,16.7,,-4.4,195.21
287,0,01-01-2016 00:00,Office,33713,1956,15,,-2.8,851.28
288,0,01-01-2016 00:00,Entertainment/public assembly,10733,2005,13.3,4,-3.3,155.093
289,0,01-01-2016 00:00,Entertainment/public assembly,9666,2005,11.1,4,0,401.507
290,0,01-01-2016 00:00,Office,51732,1966,11.7,,1.1,175.12
291,0,01-01-2016 00:00,Public services,90635,2011,10.6,,1.1,29.8229
292,1,01-01-2016 00:00,Public services,33743,,10.6,,0.6,158.258
293,0,01-01-2016 00:00,Office,408000,2010,10,,1.1,196.9
294,1,01-01-2016 00:00,Entertainment/public assembly,14913,,8.9,8,2.2,0
295,0,01-01-2016 00:00,Education,83400,1942,8.3,,2.2,24.4
296,1,01-01-2016 00:00,Public services,22000,,9.4,,3.3,5.3456
297,0,01-01-2016 00:00,Education,66200,1950,9.4,,1.1,14.6536
298,1,01-01-2016 00:00,Entertainment/public assembly,39541,,8.9,,-0.6,80.35
299,0,01-01-2016 00:00,Education,356000,2014,8.9,,-1.1,17.9359
300,0,01-01-2016 00:00,Education,62800,2014,8.3,8,-0.6,20.515
301,0,01-01-2016 00:00,Public services,51176,,8.9,,0.6,199.99
302,0,01-01-2016 00:00,Education,57100,2015,10.6,,0.6,95.0253
303,0,01-01-2016 00:00,Entertainment/public assembly,15950,,13.9,,-0.6,20.515
304,0,01-01-2016 00:00,Entertainment/public assembly,194300,1900,15.6,,-1.1,42.11
305,0,01-01-2016 00:00,Office,8637,,15,,-1.1,146.85
306,0,01-01-2016 00:00,Education,51500,1931,15,8,0,277.128
307,0,01-01-2016 00:00,Public services,10873,,15.6,,0.6,243.02
308,0,01-01-2016 00:00,Public services,5033,,15.6,,1.1,197.436
309,0,01-01-2016 00:00,Entertainment/public assembly,2067,,15,,0.6,41.0299
310,0,01-01-2016 00:00,Public services,22000,,14.4,,1.1,389.98
311,1,01-01-2016 00:00,Education,50000,1928,12.8,,2.8,296.259
312,0,01-01-2016 00:00,Entertainment/public assembly,6625,,12.2,8,3.3,190.496
313,0,01-01-2016 00:00,Education,103800,,11.7,,3.3,14.41
314,0,01-01-2016 00:00,Education,225000,,11.1,,3.9,11.1132
315,0,01-01-2016 00:00,Entertainment/public assembly,20644,,10.6,,4.4,2027.52
316,0,01-01-2016 00:00,Public services,78550,,10.6,,5,360.98
317,0,01-01-2016 00:00,Office,16098,,10,,5,13.7861
318,0,01-01-2016 00:00,Office,105000,,8.9,8,5,120.159
319,1,01-01-2016 00:00,Public services,13100,1929,8.9,,5.6,74.58
320,0,01-01-2016 00:00,Education,105500,,8.3,,5,182.138
321,0,01-01-2016 00:00,Public services,15913,,8.3,,4.4,334.101
322,0,01-01-2016 00:00,Education,37083,1908,8.9,,4.4,29.45
323,0,01-01-2016 00:00,Education,282200,1928,8.9,,2.8,17.0567
324,0,01-01-2016 00:00,Entertainment/public assembly,11910,,8.9,8,1.7,8.7921
325,1,01-01-2016 00:00,Education,59200,1959,9.4,,2.2,5.58
326,0,01-01-2016 00:00,Entertainment/public assembly,45548,,11.7,,3.3,26.4
327,0,01-01-2016 00:00,Education,99325,1927,13.3,,5,0
328,0,01-01-2016 00:00,Education,47200,1935,15.6,,6.1,0
329,0,01-01-2016 00:00,Entertainment/public assembly,3133,,17.2,,7.2,209.67
330,0,01-01-2016 00:00,Education,65000,,20,4,8.9,117.99
331,1,01-01-2016 00:00,Education,288800,1923,21.1,,8.9,7.29
332,0,01-01-2016 00:00,Education,90400,,20.6,,9.4,70.51
333,0,01-01-2016 00:00,Education,59900,1962,20.6,,10.6,511.877
334,0,01-01-2016 00:00,Education,57100,1960,19.4,,11.1,68.55
335,0,01-01-2016 00:00,Office,229000,2010,18.3,,11.1,460.122
336,0,01-01-2016 00:00,Education,43000,1923,16.7,8,11.7,11.8
337,0,01-01-2016 00:00,Entertainment/public assembly,22334,1977,16.7,,11.7,0
338,0,01-01-2016 00:00,Entertainment/public assembly,23803,1969,17.2,,12.8,63.07
339,0,01-01-2016 00:00,Education,71100,,16.7,,13.3,68.8248
340,0,01-01-2016 00:00,Entertainment/public assembly,1843,,16.1,,13.3,17.5843
341,0,01-01-2016 00:00,Education,158000,1959,15.6,,13.9,11.77
342,0,01-01-2016 00:00,Lodging/residential,15420,,16.7,8,14.4,7.0337
343,0,01-01-2016 00:00,Public services,22000,,17.8,,15,43.29
344,0,01-01-2016 00:00,Education,77500,1942,17.8,,15,7.5261
345,0,01-01-2016 00:00,Lodging/residential,7250,,18.3,,15.6,17.5843
346,0,01-01-2016 00:00,Entertainment/public assembly,17709,,17.8,,16.1,46.29
347,1,01-01-2016 00:00,Education,75900,1974,17.8,,17.2,10.3044
348,0,01-01-2016 00:00,Public services,10577,1969,18.3,8,17.2,109.93
349,1,01-01-2016 00:00,Public services,45098,,17.8,,17.2,24.6179
350,0,01-01-2016 00:00,Education,83800,1944,18.3,,17.8,110.68
351,0,01-01-2016 00:00,Education,58908,1910,19.4,,18.3,15.861
352,1,01-01-2016 00:00,Education,144900,,20,,19.4,67.4063
353,0,01-01-2016 00:00,Education,99700,1955,17.8,,16.7,86.28
354,0,01-01-2016 00:00,Education,77500,,18.9,6,17.2,0
355,0,01-01-2016 00:00,Education,182500,1970,22.8,,16.1,38.0992
356,0,01-01-2016 00:00,Public services,4336,,23.9,4,13.9,48.35
357,1,01-01-2016 00:00,Lodging/residential,2000,,23.3,2,13.9,16.74
358,0,01-01-2016 00:00,Education,77700,,22.8,4,12.8,64.77
359,0,01-01-2016 00:00,Public services,4925,,20.6,,11.7,49.37
360,0,01-01-2016 00:00,Education,69600,1949,18.9,6,11.7,9.7417
361,0,01-01-2016 00:00,Public services,13224,1965,17.8,,12.2,0
362,0,01-01-2016 00:00,Public services,21368,,17.2,,12.8,64.54
363,0,01-01-2016 00:00,Education,69300,2017,16.7,4,13.3,0
364,0,01-01-2016 00:00,Education,83800,,15.6,2,13.3,302.5
365,0,01-01-2016 00:00,Healthcare,819577,1922,15,2,13.3,180.133
366,0,01-01-2016 00:00,Public services,9941,1963,12.8,2,12.2,149.466
367,1,01-01-2016 00:00,Entertainment/public assembly,20584,,11.7,4,11.7,123.5
368,0,01-01-2016 00:00,Retail,16500,,,,,180.344
369,1,01-01-2016 00:00,Public services,6431,,,2,,99.6441
370,0,01-01-2016 00:00,Entertainment/public assembly,15960,2005,,2,,37.27
371,0,01-01-2016 00:00,Entertainment/public assembly,5554,,11.1,2,11.1,11.1484
372,0,01-01-2016 00:00,Education,49100,1911,11.7,4,11.1,43.9606
373,1,01-01-2016 00:00,Education,46484,1932,12.8,2,12.2,352.47
374,0,01-01-2016 00:00,Lodging/residential,350000,1949,15.6,2,14.4,261.9
375,1,01-01-2016 00:00,Office,850354,1989,18.9,2,15.6,169.981
376,0,01-01-2016 00:00,Office,585955,1942,21.1,2,15.6,174.49
377,1,01-01-2016 00:00,Public services,12506,,23.9,4,14.4,28.0996
378,0,01-01-2016 00:00,Public services,35241,1978,24.4,4,13.9,67.4063
379,1,01-01-2016 00:00,Entertainment/public assembly,7675,,25,4,12.8,1.92
380,0,01-01-2016 00:00,Education,95100,1927,25,,12.2,1.33
381,0,01-01-2016 00:00,Entertainment/public assembly,1858,,25.6,,11.1,0.1055
382,0,01-01-2016 00:00,Education,47984,2002,24.4,2,10,76.33
383,0,01-01-2016 00:00,Warehouse/storage,27318,,21.7,,10.6,57.5357
384,0,01-01-2016 00:00,Office,13728,,20,6,11.1,32.2378
385,1,01-01-2016 00:00,Public services,18432,1973,16.1,,11.7,115.44
386,0,01-01-2016 00:00,Entertainment/public assembly,17262,2003,17.2,,12.2,593.046
387,0,01-01-2016 00:00,Education,104200,2009,17.8,,13.3,175.843
388,0,01-01-2016 00:00,Public services,30810,,18.3,,12.2,24.35
389,0,01-01-2016 00:00,Education,57165,2014,17.8,,13.3,13.3289
390,0,01-01-2016 00:00,Office,34400,,15.6,8,13.3,5.8614
391,0,01-01-2016 00:00,Education,87107,,14.4,,13.3,7.15
392,0,01-01-2016 00:00,Education,53000,1912,14.4,,13.9,1.0199
393,0,01-01-2016 00:00,Education,59400,1900,15,,14.4,43.15
394,0,01-01-2016 00:00,Entertainment/public assembly,3545,2000,17.8,,17.2,45.3322
395,1,01-01-2016 00:00,Public services,8925,1912,19.4,,17.8,55.66
396,0,01-01-2016 00:00,Public services,16768,1980,18.3,8,16.1,0
397,0,01-01-2016 00:00,Public services,54061,2006,18.9,4,15,169.1
398,1,01-01-2016 00:00,Education,62200,,20,4,15.6,0
399,0,01-01-2016 00:00,Education,180000,1939,20.6,,15.6,199.75
400,0,01-01-2016 00:00,Public services,19315,,15.6,,12.8,132.128
401,0,01-01-2016 00:00,Entertainment/public assembly,12660,,15,,10,79.1292
402,0,01-01-2016 00:00,Public services,2818,,17.2,4,9.4,76.28
403,1,01-01-2016 00:00,Education,49500,1962,17.8,4,8.9,16.84
404,0,01-01-2016 00:00,Public services,5783,,17.8,,8.9,69.66
405,1,01-01-2016 00:00,Education,82200,1916,16.7,4,8.3,137.052
406,0,01-01-2016 00:00,Entertainment/public assembly,2347,,15.6,,6.7,0
407,1,01-01-2016 00:00,Education,325217,2006,13.9,,6.7,91.85
408,0,01-01-2016 00:00,Entertainment/public assembly,16098,1929,13.3,6,6.7,0
409,0,01-01-2016 00:00,Education,38500,2016,12.2,,7.2,0
410,0,01-01-2016 00:00,Education,64113,1924,12.2,,7.8,115.05
411,0,01-01-2016 00:00,Entertainment/public assembly,6139,,11.7,4,7.8,17.6546
412,0,01-01-2016 00:00,Education,110000,,11.1,2,7.8,26.26
413,0,01-01-2016 00:00,Warehouse/storage,14839,2005,10.6,0,6.7,73.89
414,0,01-01-2016 00:00,Entertainment/public assembly,36387,,10,0,5,7.8426
415,0,01-01-2016 00:00,Education,41329,,9.4,0,4.4,49.34
416,0,01-01-2016 00:00,Public services,7079,,8.9,0,3.9,0.1055
417,0,01-01-2016 00:00,Education,69600,1978,8.3,0,2.8,145.74
418,0,01-01-2016 00:00,Entertainment/public assembly,86120,1926,7.2,4,2.2,12.27
419,0,01-01-2016 00:00,Education,271300,1940,6.7,,1.7,54.94
420,0,01-01-2016 00:00,Public services,81397,2004,6.1,4,0.6,5.3104
421,1,01-01-2016 00:00,Entertainment/public assembly,11274,,6.7,2,0.6,15.84
422,0,01-01-2016 00:00,Public services,8726,,8.9,2,0,324.12
423,1,01-01-2016 00:00,Entertainment/public assembly,969,,11.1,2,1.7,167.015
424,0,01-01-2016 00:00,Public services,32527,,12.2,2,0.6,12.19
425,1,01-01-2016 00:00,Warehouse/storage,202829,1983,13.3,4,-0.6,88.1
426,0,01-01-2016 00:00,Education,101400,1930,14.4,2,-2.8,115.74
427,1,01-01-2016 00:00,Public services,14269,,15,,-2.2,74.52
428,0,01-01-2016 00:00,Entertainment/public assembly,1396,,15.6,,-1.7,27.4666
429,0,01-01-2016 00:00,Public services,11934,1930,15.6,,-2.2,114.03
430,0,01-01-2016 00:00,Public services,23918,,14.4,,-3.3,37.24
431,0,01-01-2016 00:00,Parking,1760,,12.8,,-0.6,1.5474
432,0,01-01-2016 00:00,Public services,103200,,12.2,6,-0.6,0
433,0,01-01-2016 00:00,Entertainment/public assembly,23055,,11.7,,-0.6,17.26
434,0,01-01-2016 00:00,Education,39500,,10.6,,1.1,37.84
435,0,01-01-2016 00:00,Office,29916,2002,10,,2.2,46.1762
436,0,01-01-2016 00:00,Lodging/residential,15574,,10,,0.6,12.04
437,0,01-01-2016 00:00,Entertainment/public assembly,11651,,9.4,,1.1,0.0352
438,0,01-01-2016 00:00,Public services,36562,,9.4,6,-0.6,46.88
439,0,01-01-2016 00:00,Office,62205,,8.3,,0,130.79
440,1,01-01-2016 00:00,Public services,35033,1962,8.3,,-0.6,22.4375
441,0,01-01-2016 00:00,Public services,3267,,7.8,,-0.6,0
442,0,01-01-2016 00:00,Education,70800,1964,7.2,,0.6,177.27
443,0,01-01-2016 00:00,Education,109000,1940,6.1,,1.1,186.112
444,0,01-01-2016 00:00,Public services,12945,1960,6.1,6,0.6,25.18
445,0,01-01-2016 00:00,Education,40950,1910,6.1,,0,55.7421
446,0,01-01-2016 00:00,Public services,43992,,6.7,,-1.7,24.38
447,0,01-01-2016 00:00,Public services,21472,2011,7.8,,-1.7,2.5673
448,1,01-01-2016 00:00,Office,328760,1904,8.3,,-1.7,0
449,0,01-01-2016 00:00,Lodging/residential,18340,1900,9.4,4,-4.4,24.74
450,0,01-01-2016 00:00,Education,116872,1931,11.7,4,-5,8.1
451,0,01-01-2016 00:00,Entertainment/public assembly,5013,,12.2,2,-7.2,25.92
452,0,01-01-2016 00:00,Education,155100,1931,12.8,2,-7.8,0.0703
453,0,01-01-2016 00:00,Public services,24875,1984,13.3,2,-9.4,125.88
454,1,01-01-2016 00:00,Public services,16576,1932,12.2,2,-7.8,136.8
455,0,01-01-2016 00:00,Healthcare,29192,2014,9.4,2,-3.9,624.62
456,0,01-01-2016 00:00,Public services,14125,,8.3,2,-4.4,59.29
457,0,01-01-2016 00:00,Education,79700,1932,7.8,0,-2.8,27.7
458,0,01-01-2016 00:00,Entertainment/public assembly,4589,,7.2,0,-1.7,37.04
459,0,01-01-2016 00:00,Entertainment/public assembly,36744,2004,6.1,0,-1.1,71.14
460,1,01-01-2016 00:00,Public services,17927,,5.6,0,-1.1,17.04
461,0,01-01-2016 00:00,Education,69400,1959,4.4,2,-0.6,47.92
462,0,01-01-2016 00:00,Public services,9226,,5,4,-0.6,29.53
463,0,01-01-2016 00:00,Public services,25000,,3.9,,-0.6,15.86
464,0,01-01-2016 00:00,Public services,9816,,3.9,,-0.6,0.17
465,0,01-01-2016 00:00,Office,6400,,3.9,,-1.7,36.37
466,0,01-01-2016 00:00,Public services,22500,,3.9,,-2.8,59.49
467,0,01-01-2016 00:00,Public services,47439,,3.9,,-1.7,14.12
468,0,01-01-2016 00:00,Office,40000,,3.9,6,-2.2,10.91
469,0,01-01-2016 00:00,Public services,13044,1913,3.3,4,-1.1,1.6
470,0,01-01-2016 00:00,Public services,24618,,7.8,4,0,21.4
471,0,01-01-2016 00:00,Education,170000,1956,12.2,2,2.2,33.33
472,0,01-01-2016 00:00,Education,69400,1911,15,2,4.4,9.88
473,0,01-01-2016 00:00,Public services,46007,1950,16.1,2,5,107.44
474,0,01-01-2016 00:00,Public services,10151,1966,17.2,4,2.8,3.4
475,0,01-01-2016 00:00,Office,474680,1986,17.2,,1.7,17.06
476,1,01-01-2016 00:00,Entertainment/public assembly,1102,,18.3,,0.6,18.88
477,0,01-01-2016 00:00,Public services,21600,,17.8,,0.6,18.26
478,1,01-01-2016 00:00,Lodging/residential,31283,1935,17.8,,0.6,168.29
479,0,01-01-2016 00:00,Public services,43955,1978,16.1,,0.6,20.25
480,0,01-01-2016 00:00,Office,30000,,14.4,6,2.2,109.04
481,1,01-01-2016 00:00,Education,104294,1976,12.2,,7.2,23.67
482,0,01-01-2016 00:00,Education,394000,2013,12.2,,7.8,25.19
483,0,01-01-2016 00:00,Education,207000,1935,11.1,,7.8,366
484,0,01-01-2016 00:00,Public services,18000,,8.3,,6.1,15.93
485,0,01-01-2016 00:00,Public services,22000,2007,8.9,,6.7,31.66
486,1,01-01-2016 00:00,Education,86375,1903,8.9,6,6.7,36.63
487,0,01-01-2016 00:00,Education,66600,1959,8.3,,6.7,128.1
488,0,01-01-2016 00:00,Education,69600,1908,7.2,2,5.6,22.45
489,0,01-01-2016 00:00,Education,85039,1925,7.2,,6.1,1.04
490,0,01-01-2016 00:00,Education,98900,1961,7.2,,6.1,57.32
491,0,01-01-2016 00:00,Education,66600,1970,7.2,4,6.1,449.42
492,0,01-01-2016 00:00,Education,193800,,6.7,6,6.1,343.99
493,0,01-01-2016 00:00,Education,283000,2014,8.9,,7.2,41.6
494,0,01-01-2016 00:00,Education,72800,1959,12.2,,9.4,33.92
495,0,01-01-2016 00:00,Education,47500,1968,15,,9.4,386.11
496,1,01-01-2016 00:00,Public services,16200,,18.9,,9.4,14.27
497,0,01-01-2016 00:00,Public services,7732,,20,,10.6,103.97
498,1,01-01-2016 00:00,Entertainment/public assembly,14842,,20.6,6,11.1,103.42
499,0,01-01-2016 00:00,Education,376507,2011,21.7,,11.1,14.41
500,0,01-01-2016 00:00,Education,99975,1968,21.1,,10.6,9.39
501,0,01-01-2016 00:00,Education,66404,,21.1,,11.1,134.98
502,1,01-01-2016 00:00,Public services,6010,,20,,11.7,15.64
503,0,01-01-2016 00:00,Other,10762,,18.3,,10,19.9
504,1,01-01-2016 00:00,Warehouse/storage,112536,,16.7,6,10,82.7
505,0,01-01-2016 00:00,Warehouse/storage,51622,1975,15.6,,10,1.84
506,1,01-01-2016 00:00,Other,34400,,14.4,4,10,34.01
507,0,01-01-2016 00:00,Education,61151,,13.9,,10.6,92.58
508,1,01-01-2016 00:00,Other,112283,,15,,10,15.17
509,0,01-01-2016 00:00,Other,10578,,15.6,,9.4,85.08
510,0,01-01-2016 00:00,Public services,4581,,15.6,4,10,136.45
511,0,01-01-2016 00:00,Public services,12316,,13.9,4,10.6,34.26
512,0,01-01-2016 00:00,Lodging/residential,5000,2010,15.6,2,11.1,214.26
513,0,01-01-2016 00:00,Public services,112283,,15.6,4,11.7,96.83
514,1,01-01-2016 00:00,Public services,12750,,13.3,2,11.1,26.87
515,0,01-01-2016 00:00,Education,63900,1921,15.6,,12.8,150.58
516,0,01-01-2016 00:00,Public services,9000,,15.6,6,13.3,1.16
517,0,01-01-2016 00:00,Lodging/residential,2210,,17.2,,14.4,0.8
518,0,01-01-2016 00:00,Public services,555243,1941,17.8,,15,54.06
519,0,01-01-2016 00:00,Public services,461647,1976,19.4,,16.1,4.01
520,0,01-01-2016 00:00,Office,27600,,20,,17.2,46.07
521,0,01-01-2016 00:00,Public services,12000,,21.1,,17.2,21.85
522,0,01-01-2016 00:00,Office,8000,,19.4,8,17.2,6.56
523,0,01-01-2016 00:00,Entertainment/public assembly,9726,,18.9,,17.2,32.05
524,1,01-01-2016 00:00,Public services,134114,,20.6,,17.2,112.74
525,0,01-01-2016 00:00,Public services,9062,,19.4,,16.1,1139.52
526,0,01-01-2016 00:00,Public services,7636,,18.9,,11.7,17.93
527,1,01-01-2016 00:00,Public services,9392,,17.2,,11.1,48.66
528,0,01-01-2016 00:00,Public services,11143,,16.1,2,10,39.51
529,0,01-01-2016 00:00,Public services,14519,1908,15,4,9.4,13.04
530,0,01-01-2016 00:00,Public services,144000,,14.4,2,9.4,16.97
531,0,01-01-2016 00:00,Public services,68203,,13.9,0,9.4,3.89
532,1,01-01-2016 00:00,Entertainment/public assembly,7133,,13.3,2,8.9,30.73
533,0,01-01-2016 00:00,Lodging/residential,11900,,13.3,2,8.9,73.65
534,1,01-01-2016 00:00,Entertainment/public assembly,898,,13.3,4,8.3,232.36
535,0,01-01-2016 00:00,Healthcare,15000,2010,12.8,,8.9,1701.7
536,1,01-01-2016 00:00,Entertainment/public assembly,1962,,10.6,,8.9,675.84
537,0,01-01-2016 00:00,Education,73200,1959,10,,7.8,7.55
538,0,01-01-2016 00:00,Religious worship,10000,2010,10,,6.7,32.92
539,0,01-01-2016 00:00,Entertainment/public assembly,1473,,9.4,,5,8.72
540,0,01-01-2016 00:00,Education,88300,1909,8.9,6,4.4,57.68
541,0,01-01-2016 00:00,Lodging/residential,2582,,8.3,,3.3,8.66
542,0,01-01-2016 00:00,Education,66900,1969,8.3,,3.3,46.19
543,0,01-01-2016 00:00,Entertainment/public assembly,801,,7.8,,2.2,19.41
544,0,01-01-2016 00:00,Public services,110800,1972,7.2,,1.7,16.85
545,0,01-01-2016 00:00,Education,21903,1931,7.8,,1.7,21.98
546,0,01-01-2016 00:00,Public services,400000,1971,9.4,6,1.7,43.7
547,0,01-01-2016 00:00,Healthcare,23903,,10,4,0,76.47
548,0,01-01-2016 00:00,Healthcare,9813,2010,10,4,0,35.35
549,0,01-01-2016 00:00,Public services,12754,1968,10,4,0,66.61
550,1,01-01-2016 00:00,Public services,16000,2014,8.9,4,0.6,56.84
551,0,01-01-2016 00:00,Office,30525,,7.8,2,0.6,66.82
552,1,01-01-2016 00:00,Public services,20110,1936,7.2,2,1.7,57.21
553,0,01-01-2016 00:00,Education,37800,,6.7,4,1.1,24.37
554,1,01-01-2016 00:00,Entertainment/public assembly,26187,,6.7,2,1.1,17.64
555,0,01-01-2016 00:00,Education,22400,,6.1,2,0.6,14.15
556,1,01-01-2016 00:00,Healthcare,450000,2012,6.1,0,-0.6,24.72
557,0,01-01-2016 00:00,Public services,19000,,5,0,-1.7,50.78
558,0,01-01-2016 00:00,Office,89315,,4.4,0,-2.2,47.09
559,0,01-01-2016 00:00,Education,48994,2015,3.9,0,-2.8,73.41
560,0,01-01-2016 00:00,Office,340000,2010,3.3,0,-2.8,22.23
561,0,01-01-2016 00:00,Office,295000,,2.8,0,-2.8,20.42
562,0,01-01-2016 00:00,Education,235000,2013,2.2,0,-3.3,5.33
563,0,01-01-2016 00:00,Office,31346,,2.2,0,-3.3,152.01
564,0,01-01-2016 00:00,Public services,89315,,1.7,0,-3.9,53.43
565,0,01-01-2016 00:00,Education,15326,1954,1.7,0,-3.9,12.72
566,0,01-01-2016 00:00,Education,2010,1957,3.3,0,-3.9,567.13
567,0,01-01-2016 00:00,Entertainment/public assembly,82670,2016,5,0,-3.3,9.33
568,0,01-01-2016 00:00,Education,14150,1974,6.7,0,-3.3,114.5
569,1,01-01-2016 00:00,Education,86091,1964,8.3,0,-2.8,41.75
570,0,01-01-2016 00:00,Education,193202,1964,10,0,-2.8,12
571,0,01-01-2016 00:00,Education,47954,1980,11.1,0,-2.8,47.11
572,0,01-01-2016 00:00,Education,94175,1964,12.8,0,-2.8,7.02
573,0,01-01-2016 00:00,Education,23815,1914,12.2,0,-2.2,30.12
574,0,01-01-2016 00:00,Education,56343,1905,12.2,0,-2.2,17.25
575,0,01-01-2016 00:00,Technology/science,33167,1963,10.6,0,-1.7,10.62
576,0,01-01-2016 00:00,Education,86465,2014,8.9,0,0,86.71
577,1,01-01-2016 00:00,Education,113589,1958,8.9,0,0,53.52
578,0,01-01-2016 00:00,Lodging/residential,71994,2004,6.7,0,2.2,89.36
579,0,01-01-2016 00:00,Education,7781,1910,5.6,2,2.8,270.63
580,0,01-01-2016 00:00,Education,104016,1960,6.1,2,2.8,34.13
581,0,01-01-2016 00:00,Lodging/residential,23012,1930,4.4,2,2.8,4.98
582,0,01-01-2016 00:00,Education,14542,1920,5.6,0,2.8,1.96
583,1,01-01-2016 00:00,Education,206054,1950,3.3,0,1.7,14.84
584,0,01-01-2016 00:00,Education,137806,1967,3.3,0,2.2,117.54
585,0,01-01-2016 00:00,Public services,132394,1949,2.8,2,1.1,80.15
586,0,01-01-2016 00:00,Public services,166514,1917,3.3,4,1.7,18.21
587,0,01-01-2016 00:00,Technology/science,53234,1942,3.9,2,2.8,3.69
588,0,01-01-2016 00:00,Education,21866,1911,4.4,2,2.8,14.3
589,1,01-01-2016 00:00,Education,305268,1952,5.6,2,3.9,35.82
590,0,01-01-2016 00:00,Education,8516,1920,10,4,5.6,12.32
591,0,01-01-2016 00:00,Entertainment/public assembly,59326,1932,11.7,,3.9,217.04
592,0,01-01-2016 00:00,Education,120694,2012,15,2,5,68.34
593,0,01-01-2016 00:00,Education,66203,2015,17.2,2,7.8,4.15
594,0,01-01-2016 00:00,Education,177281,1964,18.3,2,8.3,41.56
595,0,01-01-2016 00:00,Education,270413,1971,20,2,9.4,12.31
596,0,01-01-2016 00:00,Education,18474,1923,20.6,2,8.3,107.15
597,0,01-01-2016 00:00,Public services,189425,1994,20,4,8.9,87
598,0,01-01-2016 00:00,Public services,68701,1930,20.6,,9.4,55.93
599,0,01-01-2016 00:00,Education,25996,1954,17.8,,10,53.19
600,0,01-01-2016 00:00,Education,44182,1917,15.6,6,10.6,27.7
601,0,01-01-2016 00:00,Entertainment/public assembly,11910,1903,13.3,4,10.6,54.49
602,0,01-01-2016 00:00,Entertainment/public assembly,238065,1933,13.3,4,11.1,68.96
603,0,01-01-2016 00:00,Public services,29063,2004,13.3,,11.1,15.49
604,0,01-01-2016 00:00,Education,8463,,13.3,,11.1,102.92
605,1,01-01-2016 00:00,Education,51020,1924,12.2,,10.6,194.15
606,0,01-01-2016 00:00,Utility,23432,1999,11.1,6,10,21.92
607,1,01-01-2016 00:00,Education,34825,1999,11.1,,10,670.65
608,0,01-01-2016 00:00,Entertainment/public assembly,124197,1927,11.1,,10,13.64
609,0,01-01-2016 00:00,Education,141461,1907,10.6,,9.4,60.63
610,1,01-01-2016 00:00,Entertainment/public assembly,30160,1958,10,,9.4,7.34
611,0,01-01-2016 00:00,Education,128126,1966,12.2,,11.1,82.64
612,0,01-01-2016 00:00,Education,77055,1917,12.8,6,11.1,17.1
613,0,01-01-2016 00:00,Entertainment/public assembly,1305,1995,12.8,,11.7,29.32
614,0,01-01-2016 00:00,Lodging/residential,185200,1930,15.6,,12.8,10.6
615,1,01-01-2016 00:00,Education,153700,1990,18.3,,12.8,15.24
616,0,01-01-2016 00:00,Education,117814,1959,20,,13.3,91.63
617,0,01-01-2016 00:00,Education,182943,1963,21.1,,13.9,15.87
618,0,01-01-2016 00:00,Education,148032,1924,23.3,6,14.4,72.04
619,0,01-01-2016 00:00,Education,68146,1948,23.9,,14.4,17.39
620,0,01-01-2016 00:00,Education,220703,2011,23.3,,15,91.11
621,0,01-01-2016 00:00,Parking,387,1955,22.8,,15.6,10.76
622,0,01-01-2016 00:00,Education,123612,1961,22.8,,16.1,12.45
623,0,01-01-2016 00:00,Education,49388,1931,21.1,,16.7,17.01
624,0,01-01-2016 00:00,Education,46204,1941,19.4,8,16.7,26.26
625,1,01-01-2016 00:00,Education,55516,1978,18.3,,16.7,14.59
626,0,01-01-2016 00:00,Public services,130581,1970,17.8,,16.1,127.02
627,1,01-01-2016 00:00,Education,56637,1953,16.7,,15.6,32.76
628,0,01-01-2016 00:00,Education,40706,1958,16.1,,15.6,23.14
629,0,01-01-2016 00:00,Education,40835,1931,17.8,,16.1,12.28
630,0,01-01-2016 00:00,Education,93420,1948,17.8,8,16.1,124.24
631,1,01-01-2016 00:00,Education,23533,1906,17.8,,16.7,66.03
632,0,01-01-2016 00:00,Education,41297,1959,17.8,,17.2,110.58
633,1,01-01-2016 00:00,Parking,98539,1989,18.3,,17.2,13.27
634,0,01-01-2016 00:00,Education,4000,1910,18.3,,17.8,1108.02
635,1,01-01-2016 00:00,Education,7122,1909,18.3,,17.8,1.76
636,0,01-01-2016 00:00,Education,6564,1909,18.3,8,17.8,24.51
637,1,01-01-2016 00:00,Education,4189,1929,18.9,,18.3,40.72
638,0,01-01-2016 00:00,Education,7900,1923,18.3,,17.8,81.17
639,0,01-01-2016 00:00,Education,14524,1964,18.3,,17.8,15.11
640,0,01-01-2016 00:00,Entertainment/public assembly,36180,1966,18.9,,17.8,54.6
641,0,01-01-2016 00:00,Education,109588,1994,18.9,,17.8,424.84
642,0,01-01-2016 00:00,Education,30401,,19.4,8,17.8,289.26
643,1,01-01-2016 00:00,Education,110919,1941,18.9,,17.8,56.47
644,0,01-01-2016 00:00,Entertainment/public assembly,261091,1923,18.9,,17.8,106.29
645,0,01-01-2016 00:00,Education,304333,2006,18.9,,17.8,131.02
646,0,01-01-2016 00:00,Education,58733,1923,18.9,,17.8,27.84
647,0,01-01-2016 00:00,Lodging/residential,86959,1942,18.9,,17.8,57.77
648,0,01-01-2016 00:00,Education,154706,2009,18.9,8,17.8,214.64
649,0,01-01-2016 00:00,Education,116121,1996,18.3,,17.8,95.64
650,0,01-01-2016 00:00,Education,75228,1993,18.3,,17.8,51.76
651,0,01-01-2016 00:00,Parking,306140,2007,18.3,,17.8,112.92
652,0,01-01-2016 00:00,Education,150887,1959,18.3,,17.8,284.52
653,1,01-01-2016 00:00,Education,420885,1930,17.8,,17.2,43.14
654,0,01-01-2016 00:00,Education,43910,1912,17.8,8,17.2,43.05
655,0,01-01-2016 00:00,Education,222434,1964,17.2,,16.7,32.87
656,1,01-01-2016 00:00,Other,5769,1976,17.2,,16.1,13.81
657,0,01-01-2016 00:00,Education,109071,1966,17.2,,16.1,24.45
658,0,01-01-2016 00:00,Entertainment/public assembly,31075,1976,16.7,,16.1,89.47
659,0,01-01-2016 00:00,Entertainment/public assembly,15306,1976,17.2,,16.7,188.88
660,0,01-01-2016 00:00,Entertainment/public assembly,5447,1976,17.2,8,16.7,64.62
661,1,01-01-2016 00:00,Entertainment/public assembly,7427,1976,17.2,,16.7,46.44
662,0,01-01-2016 00:00,Entertainment/public assembly,12777,1976,17.8,,17.2,19.41
663,1,01-01-2016 00:00,Entertainment/public assembly,57189,1976,18.3,,17.2,149.05
664,0,01-01-2016 00:00,Entertainment/public assembly,49492,1976,18.9,,17.8,102.64
665,1,01-01-2016 00:00,Entertainment/public assembly,8773,1966,18.3,,17.8,426.2
666,0,01-01-2016 00:00,Entertainment/public assembly,12045,1976,18.9,8,17.8,33.45
667,0,01-01-2016 00:00,Entertainment/public assembly,15715,1966,18.9,,17.8,12.58
668,0,01-01-2016 00:00,Entertainment/public assembly,47275,1976,18.9,,17.8,45.57
669,0,01-01-2016 00:00,Entertainment/public assembly,4768,1976,18.3,,17.8,7.77
670,0,01-01-2016 00:00,Healthcare,18471,1966,18.3,,17.8,15.29
671,0,01-01-2016 00:00,Lodging/residential,7589,1976,17.8,,16.7,7.16
672,0,01-01-2016 00:00,Manufacturing/industrial,6329,1919,17.8,8,16.7,184.73
673,0,01-01-2016 00:00,Entertainment/public assembly,36307,1976,17.8,,16.7,12.7
674,0,01-01-2016 00:00,Entertainment/public assembly,149704,1976,17.2,,16.1,60.96
675,0,01-01-2016 00:00,Manufacturing/industrial,3853,1976,16.7,,15.6,116.82
676,0,01-01-2016 00:00,Manufacturing/industrial,90697,1976,16.7,,15,3
677,0,01-01-2016 00:00,Public services,7072,1919,16.1,,15,448.92
678,0,01-01-2016 00:00,Public services,60977,1976,15,6,13.3,1216.68
679,1,01-01-2016 00:00,Public services,43400,1976,15,,13.3,15.59
680,0,01-01-2016 00:00,Public services,9849,1976,15,,12.8,16.5
681,1,01-01-2016 00:00,Public services,41861,1919,14.4,,12.2,11.97
682,0,01-01-2016 00:00,Entertainment/public assembly,64153,,13.3,,10.6,4.36
683,1,01-01-2016 00:00,Office,4650,1976,12.2,,9.4,118.65
684,0,01-01-2016 00:00,Office,152471,1919,11.1,6,8.3,16.02
685,1,01-01-2016 00:00,Office,270034,1976,10,4,7.8,27.88
686,0,01-01-2016 00:00,Office,12206,1976,11.1,4,7.2,16.08
687,0,01-01-2016 00:00,Office,36221,1976,12.8,4,5,21.18
688,0,01-01-2016 00:00,Office,52302,1966,13.9,4,3.9,32.56
689,0,01-01-2016 00:00,Office,11442,1976,15,2,2.8,7.15
690,0,01-01-2016 00:00,Office,19429,1945,16.7,2,2.2,23.57
691,0,01-01-2016 00:00,Office,42647,1976,17.2,4,2.2,35.04
692,0,01-01-2016 00:00,Office,7416,1976,18.3,2,0.6,1.36
693,0,01-01-2016 00:00,Office,57436,1976,18.3,4,0.6,22.46
694,0,01-01-2016 00:00,Education,30613,1976,17.8,,0,2.32
695,0,01-01-2016 00:00,Education,121062,1976,16.1,,0.6,129.79
696,0,01-01-2016 00:00,Education,19041,1976,15,6,1.7,2.48
697,0,01-01-2016 00:00,Education,18697,1919,13.9,,2.2,5.14
698,1,01-01-2016 00:00,Education,13939,1976,12.8,,3.3,36.39
699,0,01-01-2016 00:00,Education,93764,1945,11.7,,3.9,1.32
700,0,01-01-2016 00:00,Education,11464,1976,11.7,,5,51.88
701,0,01-01-2016 00:00,Education,128682,1966,11.1,,5,0.6
702,0,01-01-2016 00:00,Education,24251,1966,8.9,8,6.1,89.34
703,0,01-01-2016 00:00,Education,34563,1966,10.6,,7.2,54.58
704,0,01-01-2016 00:00,Education,17050,1966,8.3,,6.1,1068.48
705,0,01-01-2016 00:00,Education,23605,1976,8.9,,7.2,21.89
706,1,01-01-2016 00:00,Education,27685,1919,8.9,,6.7,8.97
707,0,01-01-2016 00:00,Education,11270,1976,8.3,,6.7,18.86
708,0,01-01-2016 00:00,Education,102429,1945,7.8,6,6.7,43.47
709,0,01-01-2016 00:00,Education,23067,1976,8.3,,7.2,183.96
710,0,01-01-2016 00:00,Education,12088,1919,11.7,,9.4,22.76
711,0,01-01-2016 00:00,Education,15414,1976,14.4,,7.8,39.22
712,1,01-01-2016 00:00,Education,22949,1976,18.3,,6.7,51.86
713,0,01-01-2016 00:00,Education,14973,1976,20,,4.4,1013.78
714,0,01-01-2016 00:00,Education,8730,1976,20.6,6,1.7,31.66
715,0,01-01-2016 00:00,Education,23153,1976,21.7,,2.2,26.92
716,0,01-01-2016 00:00,Education,37265,1919,21.7,,2.8,10.84
717,0,01-01-2016 00:00,Education,28826,1976,20.6,,3.3,335.69
718,1,01-01-2016 00:00,Education,25866,1919,20.6,,4.4,644.21
719,0,01-01-2016 00:00,Education,28363,1919,17.8,,5.6,321.7
720,0,01-01-2016 00:00,Education,18202,1919,15.6,8,6.1,25
721,0,01-01-2016 00:00,Education,121471,1966,13.9,,7.8,10.6
722,0,01-01-2016 00:00,Education,31635,1966,13.9,,7.2,7.25
723,0,01-01-2016 00:00,Education,160038,1966,12.8,,8.3,0.519
724,0,01-01-2016 00:00,Education,88856,1976,13.9,,8.9,246
725,0,01-01-2016 00:00,Education,13789,1919,12.8,,10,79.488
726,0,01-01-2016 00:00,Education,120566,1945,12.8,8,10,17
727,0,01-01-2016 00:00,Education,139113,1976,13.3,,10,310.675
728,0,01-01-2016 00:00,Education,30300,1966,12.8,,9.4,8.8828
729,0,01-01-2016 00:00,Education,17190,1919,12.2,,10,21.0625
730,0,01-01-2016 00:00,Education,126045,1966,12.2,,10,22.575
731,0,01-01-2016 00:00,Education,29149,1919,12.8,,10.6,117.25
732,0,01-01-2016 00:00,Education,66187,1976,12.2,8,10.6,44.6
733,0,01-01-2016 00:00,Education,96929,1966,12.2,,10.6,66.9298
734,1,01-01-2016 00:00,Education,28191,1919,14.4,,11.1,3.1702
735,0,01-01-2016 00:00,Education,155807,2013,16.7,,10,69.75
736,1,01-01-2016 00:00,Education,94658,1976,18.9,,10,5.35
737,0,01-01-2016 00:00,Education,14790,1976,20.6,,11.7,5.8
738,0,01-01-2016 00:00,Education,95433,1966,21.7,8,12.2,445.751
739,1,01-01-2016 00:00,Education,137046,1966,21.7,,12.8,98.336
740,0,01-01-2016 00:00,Education,37975,1976,21.7,,12.8,158.25
741,0,01-01-2016 00:00,Education,14025,1966,21.7,,12.8,48.2
742,0,01-01-2016 00:00,Entertainment/public assembly,31829,1976,21.1,,12.8,77.2
743,0,01-01-2016 00:00,Entertainment/public assembly,12185,1976,19.4,,13.3,11.475
744,1,01-01-2016 00:00,Entertainment/public assembly,48642,1919,18.9,8,13.9,75.2022
745,0,01-01-2016 00:00,Education,13512,,17.8,,14.4,1.5
746,0,01-01-2016 00:00,Office,17879,,17.2,,14.4,334.08
747,0,01-01-2016 00:00,Education,30531,,17.8,,14.4,354.413
748,0,01-01-2016 00:00,Office,32766,,17.8,,13.9,146.1
749,0,01-01-2016 00:00,Lodging/residential,35936,,16.7,,14.4,6
750,0,01-01-2016 00:00,Education,35990,,17.2,8,14.4,74
751,0,01-01-2016 00:00,Office,37485,,17.2,,15,45.5725
752,0,01-01-2016 00:00,Public services,38671,,17.2,,15,77
753,0,01-01-2016 00:00,Education,39558,,16.7,,15,57.75
754,1,01-01-2016 00:00,Office,41337,,16.7,,14.4,9.75
755,0,01-01-2016 00:00,Office,42129,,16.7,,14.4,237.85
756,1,01-01-2016 00:00,Lodging/residential,44352,,16.7,8,15,9.6108
757,0,01-01-2016 00:00,Education,46813,,16.7,,15,11.9475
758,0,01-01-2016 00:00,Lodging/residential,47007,,20,2,15.6,53.0325
759,0,01-01-2016 00:00,Lodging/residential,48519,,22.2,2,16.1,51.5
760,1,01-01-2016 00:00,Office,49990,,24.4,2,16.1,496.873
761,0,01-01-2016 00:00,Entertainment/public assembly,52534,,25.6,4,15.6,9
762,1,01-01-2016 00:00,Education,53651,,25.6,4,15.6,439.75
763,0,01-01-2016 00:00,Office,54597,,26.7,,16.1,74.4188
764,1,01-01-2016 00:00,Education,58307,,26.7,,16.1,107.5
765,0,01-01-2016 00:00,Entertainment/public assembly,58562,,27.2,,16.7,706.053
766,1,01-01-2016 00:00,Office,64818,,27.2,4,16.7,23.125
767,0,01-01-2016 00:00,Office,70042,,25,,16.7,488.551
768,0,01-01-2016 00:00,Education,75929,,23.3,6,17.2,83.6
769,0,01-01-2016 00:00,Education,77263,,22.2,,17.2,174.064
770,0,01-01-2016 00:00,Education,80325,,21.1,4,17.8,1038.62
771,0,01-01-2016 00:00,Lodging/residential,82911,,20.6,,17.8,149.5
772,1,01-01-2016 00:00,Lodging/residential,87661,,20,2,17.8,15.25
773,0,01-01-2016 00:00,Lodging/residential,93313,,18.9,2,17.8,65.2125
774,0,01-01-2016 00:00,Lodging/residential,93500,,19.4,2,18.3,58.252
775,0,01-01-2016 00:00,Office,104355,,18.3,2,17.8,81.25
776,0,01-01-2016 00:00,Office,104667,,17.8,0,17.2,98.25
777,0,01-01-2016 00:00,Lodging/residential,105791,,17.8,,17.2,18
778,0,01-01-2016 00:00,Entertainment/public assembly,108339,,17.8,,17.2,9.55
779,0,01-01-2016 00:00,Lodging/residential,113000,,18.3,9,17.8,38
780,0,01-01-2016 00:00,Education,120836,,17.8,9,17.2,4.6525
781,0,01-01-2016 00:00,Lodging/residential,128044,,17.2,,17.2,48
782,1,01-01-2016 00:00,Education,129344,,18.3,9,17.8,27.432
783,0,01-01-2016 00:00,Entertainment/public assembly,143110,,19.4,,19.4,0.1625
784,0,01-01-2016 00:00,Education,190817,,22.2,2,19.4,3.4275
785,1,01-01-2016 00:00,Education,250000,,25,4,19.4,0.1025
786,0,01-01-2016 00:00,Education,257000,,26.1,4,18.9,0.1
787,0,01-01-2016 00:00,Lodging/residential,278795,,28.3,,18.9,1.7975
788,0,01-01-2016 00:00,Public services,401753,,26.7,,18.9,4
789,0,01-01-2016 00:00,Education,64583,1923,27.2,,19.4,148.5
790,1,01-01-2016 00:00,Education,86111,1911,25.6,4,18.9,358.439
791,0,01-01-2016 00:00,Education,150695,,23.9,4,18.9,7.75
792,1,01-01-2016 00:00,Education,333681,1938,22.8,2,19.4,61.6248
793,0,01-01-2016 00:00,Education,150695,1964,22.2,,20,178.786
794,1,01-01-2016 00:00,Education,731945,1969,22.2,,20,1384.43
795,0,01-01-2016 00:00,Education,387500,1960,21.1,2,19.4,30
796,0,01-01-2016 00:00,Education,226042,1965,21.1,0,19.4,838.8
797,0,01-01-2016 00:00,Education,764237,1979,21.1,,19.4,364.95
798,0,01-01-2016 00:00,Education,409028,1970,21.1,2,19.4,34
799,0,01-01-2016 00:00,Education,527431,1976,20.6,,19.4,46.892
800,0,01-01-2016 00:00,Education,64583,1955,20.6,4,19.4,73.0335
801,0,01-01-2016 00:00,Education,484376,1952,20,,19.4,563.787
802,0,01-01-2016 00:00,Education,290625,1995,20,,19.4,50.1538
803,0,01-01-2016 00:00,Education,182986,1962,20,,19.4,64.9175
804,0,01-01-2016 00:00,Office,175618,,20.6,6,20,17.6
805,0,01-01-2016 00:00,Entertainment/public assembly,3200,,21.1,,20,10.6
806,0,01-01-2016 00:00,Other,28693,,22.2,4,20.6,2.4
807,0,01-01-2016 00:00,Entertainment/public assembly,3000,,24.4,,20,4.2
808,1,01-01-2016 00:00,Other,9357,,26.1,,20,1.51
809,0,01-01-2016 00:00,Entertainment/public assembly,520,,27.2,,19.4,0.938
810,1,01-01-2016 00:00,Entertainment/public assembly,3729,,27.2,6,19.4,1.6
811,0,01-01-2016 00:00,Public services,4848,,27.2,,18.3,13.8
812,1,01-01-2016 00:00,Entertainment/public assembly,9894,,27.8,,18.3,12.7
813,0,01-01-2016 00:00,Public services,5630,,28.3,,18.3,1.08
814,1,01-01-2016 00:00,Public services,4371,,27.2,,18.9,1.4
815,0,01-01-2016 00:00,Entertainment/public assembly,666,,25.6,,18.9,0
816,0,01-01-2016 00:00,Entertainment/public assembly,356,,23.9,6,18.3,13.6
817,0,01-01-2016 00:00,Entertainment/public assembly,984,,23.3,,18.3,3.5
818,0,01-01-2016 00:00,Public services,3648,,22.8,,18.3,8
819,0,01-01-2016 00:00,Public services,6351,,22.2,4,18.3,1.5
820,0,01-01-2016 00:00,Entertainment/public assembly,648,,21.1,4,18.9,3.952
821,0,01-01-2016 00:00,Other,2555,,20.6,4,18.9,5.38
822,0,01-01-2016 00:00,Entertainment/public assembly,366,,20.6,6,18.9,24.4
823,0,01-01-2016 00:00,Public services,35253,,21.1,,19.4,31.9
824,0,01-01-2016 00:00,Public services,7820,,20.6,,18.9,41.7
825,0,01-01-2016 00:00,Public services,3592,,20.6,,18.9,1.1
826,0,01-01-2016 00:00,Public services,19446,,20,2,18.9,9.9
827,1,01-01-2016 00:00,Office,5839,,20,0,18.3,7.7
828,0,01-01-2016 00:00,Other,102994,,19.4,6,18.3,0.9
829,0,01-01-2016 00:00,Warehouse/storage,15879,,20.6,,18.9,0
830,0,01-01-2016 00:00,Warehouse/storage,15120,,22.2,,19.4,33.6
831,0,01-01-2016 00:00,Entertainment/public assembly,4065,,23.3,,19.4,0.7
832,0,01-01-2016 00:00,Public services,26507,,25.6,,19.4,43.8
833,0,01-01-2016 00:00,Public services,6392,,25.6,,19.4,127.1
834,0,01-01-2016 00:00,Public services,4934,,26.1,6,19.4,0
835,1,01-01-2016 00:00,Entertainment/public assembly,17220,,26.7,,19.4,5.8
836,0,01-01-2016 00:00,Public services,8168,,26.7,,19.4,3.5
837,0,01-01-2016 00:00,Public services,33246,,25.6,,20,3.98
838,0,01-01-2016 00:00,Public services,18414,,26.1,,20,2.5
839,0,01-01-2016 00:00,Office,14150,,25.6,,20,0.9
840,0,01-01-2016 00:00,Other,41861,,24.4,8,19.4,1.8
841,1,01-01-2016 00:00,Office,5680,,21.1,,18.9,30.3
842,0,01-01-2016 00:00,Public services,7292,,17.2,,16.7,2.2
843,0,01-01-2016 00:00,Entertainment/public assembly,5380,,16.1,,15,24.7
844,0,01-01-2016 00:00,Entertainment/public assembly,6944,,15,,13.3,3.1
845,0,01-01-2016 00:00,Entertainment/public assembly,860,,13.3,,11.1,2.265
846,0,01-01-2016 00:00,Entertainment/public assembly,481,,12.2,8,8.3,1.3
847,1,01-01-2016 00:00,Entertainment/public assembly,9303,,12.2,,6.7,9.4
848,0,01-01-2016 00:00,Office,8552,,11.7,,6.1,0.7
849,0,01-01-2016 00:00,Public services,6448,,11.1,,4.4,10
850,0,01-01-2016 00:00,Public services,28590,,10,,2.8,4.5
851,0,01-01-2016 00:00,Public services,16682,,8.9,,1.1,2.5
852,0,01-01-2016 00:00,Public services,10800,,7.8,2,0,1.9
853,0,01-01-2016 00:00,Entertainment/public assembly,26495,,7.8,2,0,3.1
854,0,01-01-2016 00:00,Entertainment/public assembly,92288,,8.9,2,-1.1,1.542
855,0,01-01-2016 00:00,Office,48300,,10,2,-1.7,9.38
856,0,01-01-2016 00:00,Entertainment/public assembly,2956,,11.7,2,-2.8,10.1
857,0,01-01-2016 00:00,Entertainment/public assembly,4000,,12.8,0,-2.8,2.9
858,0,01-01-2016 00:00,Other,1566,,14.4,0,-3.3,0.6
859,0,01-01-2016 00:00,Public services,4000,,15.6,0,-2.8,3.135
860,0,01-01-2016 00:00,Other,12259,,15.6,0,-1.7,0.8
861,0,01-01-2016 00:00,Other,4276,,15.6,0,-1.1,1.764
862,0,01-01-2016 00:00,Other,27640,,13.9,2,1.7,0.8
863,1,01-01-2016 00:00,Public services,19823,,12.8,2,4.4,2.2
864,0,01-01-2016 00:00,Public services,16584,,11.7,0,5.6,2.8
865,1,01-01-2016 00:00,Public services,10174,,11.1,0,6.1,1.9
866,0,01-01-2016 00:00,Public services,10174,,10.6,2,5.6,1.4
867,0,01-01-2016 00:00,Public services,65913,,10,2,5.6,3
868,1,01-01-2016 00:00,Public services,60000,,10,2,5.6,1.343
869,0,01-01-2016 00:00,Entertainment/public assembly,875000,,9.4,0,5.6,18.2
870,0,01-01-2016 00:00,Entertainment/public assembly,755,,8.9,2,6.1,1.3
871,0,01-01-2016 00:00,Entertainment/public assembly,1536,,9.4,2,6.1,49.1
872,0,01-01-2016 00:00,Public services,3627,,9.4,2,6.1,5.8
873,1,01-01-2016 00:00,Office,40142,,8.9,2,6.7,1.7
874,0,01-01-2016 00:00,Office,181805,,9.4,4,6.7,15.1
875,0,01-01-2016 00:00,Lodging/residential,177708,,10,,7.2,16.9
876,0,01-01-2016 00:00,Education,55240,,10,4,7.2,2.5
877,0,01-01-2016 00:00,Office,8004,,10.6,4,8.3,2.6
878,0,01-01-2016 00:00,Lodging/residential,41241,,13.9,4,9.4,10.2
879,0,01-01-2016 00:00,Education,110235,,16.7,,10.6,1.8
880,0,01-01-2016 00:00,Education,157723,,19.4,,11.1,14.6
881,0,01-01-2016 00:00,Entertainment/public assembly,344798,,18.3,,11.7,7
882,0,01-01-2016 00:00,Education,39143,,17.8,8,12.8,1.8
883,1,01-01-2016 00:00,Education,399331,,16.7,,14.4,31.5
884,0,01-01-2016 00:00,Education,38598,,17.2,,15,14.9
885,1,01-01-2016 00:00,Lodging/residential,40697,,16.7,,14.4,0.8
886,0,01-01-2016 00:00,Education,69799,,16.1,,14.4,6.9
887,0,01-01-2016 00:00,Lodging/residential,69754,,15.6,,14.4,11.3
888,0,01-01-2016 00:00,Entertainment/public assembly,137522,,15.6,8,14.4,0.0002
889,1,01-01-2016 00:00,Education,126077,,15,,13.9,1.2
890,0,01-01-2016 00:00,Education,202937,,12.8,,11.7,3.7
891,1,01-01-2016 00:00,Education,50846,,11.1,,10,10.2
892,0,01-01-2016 00:00,Services,481999,,10.6,,9.4,7.8
893,1,01-01-2016 00:00,Education,47191,,10,,8.9,7.1667
894,0,01-01-2016 00:00,Education,101555,,9.4,8,8.9,0
895,1,01-01-2016 00:00,Education,55087,,8.9,,7.8,64.25
896,0,01-01-2016 00:00,Education,245637,,8.3,,7.2,23.1
897,0,01-01-2016 00:00,Education,37775,,7.8,,6.1,0
898,0,01-01-2016 00:00,Public services,64749,,7.2,,5.6,120.786
899,0,01-01-2016 00:00,Education,225014,,7.2,,5,24.6333
900,0,01-01-2016 00:00,Education,111623,,7.2,8,5.6,32.3333
901,1,01-01-2016 00:00,Education,107730,,7.8,,5.6,179.45
902,0,01-01-2016 00:00,Education,14561,,7.8,,5.6,4678.14
903,0,01-01-2016 00:00,Education,275793,,7.8,,5.6,0
904,0,01-01-2016 00:00,Education,29961,,7.8,,3.9,26.6689
905,0,01-01-2016 00:00,Lodging/residential,39648,,10,,3.9,0
906,0,01-01-2016 00:00,Lodging/residential,39649,,12.2,2,2.8,324.226
907,0,01-01-2016 00:00,Entertainment/public assembly,44564,,14.4,2,1.1,0
908,0,01-01-2016 00:00,Education,91254,,15,2,-0.6,19.3167
909,0,01-01-2016 00:00,Entertainment/public assembly,66121,,15,2,-1.7,20.5833
910,0,01-01-2016 00:00,Office,60096,,13.9,0,-2.2,918.984
911,1,01-01-2016 00:00,Education,239638,,12.8,0,-2.8,37.2833
912,0,01-01-2016 00:00,Education,52559,,11.1,0,-1.7,256.166
913,0,01-01-2016 00:00,Entertainment/public assembly,503634,,10,0,-0.6,15
914,1,01-01-2016 00:00,Education,229973,,10,0,0.6,196.852
915,0,01-01-2016 00:00,Education,205141,,8.9,0,1.7,69.6167
916,0,01-01-2016 00:00,Education,51778,,8.3,0,2.2,1.5108
917,0,01-01-2016 00:00,Education,237702,,7.8,0,2.2,111.717
918,0,01-01-2016 00:00,Education,60621,,6.7,0,2.2,0
919,1,01-01-2016 00:00,Education,31233,,6.1,0,2.2,21.4333
920,0,01-01-2016 00:00,Education,85623,,3.9,0,1.7,2814.6
921,1,01-01-2016 00:00,Entertainment/public assembly,262162,,3.9,0,1.7,138.733
922,0,01-01-2016 00:00,Education,147205,,3.9,0,2.2,0
923,1,01-01-2016 00:00,Education,24992,,3.9,,2.2,902.802
924,0,01-01-2016 00:00,Entertainment/public assembly,252268,,4.4,6,2.8,46.2
925,0,01-01-2016 00:00,Education,54405,,5,4,3.3,0
926,0,01-01-2016 00:00,Education,26033,,8.9,4,3.9,201.083
927,0,01-01-2016 00:00,Lodging/residential,745671,,12.2,4,4.4,631.129
928,0,01-01-2016 00:00,Education,179115,,15,4,0.6,481.05
929,0,01-01-2016 00:00,Education,199628,,15.6,,2.2,66.6833
930,0,01-01-2016 00:00,Office,20917,,17.2,6,4.4,191.928
931,0,01-01-2016 00:00,Education,216050,,17.8,,4.4,29.4
932,0,01-01-2016 00:00,Lodging/residential,233937,,17.8,,5,317.322
933,0,01-01-2016 00:00,Office,8525,,18.9,,5.6,58.8333
934,0,01-01-2016 00:00,Entertainment/public assembly,170607,,17.8,,5.6,0
935,0,01-01-2016 00:00,Office,16135,,17.2,,6.1,273.666
936,0,01-01-2016 00:00,Lodging/residential,11350,,16.1,6,5,0
937,1,01-01-2016 00:00,Lodging/residential,10346,,15,,6.1,48.6667
938,0,01-01-2016 00:00,Lodging/residential,11227,,15,,7.8,63.4667
939,1,01-01-2016 00:00,Lodging/residential,8051,,14.4,2,8.9,0
940,0,01-01-2016 00:00,Lodging/residential,8079,,15,,10,0
941,1,01-01-2016 00:00,Lodging/residential,8079,,14.4,,8.3,132.617
942,0,01-01-2016 00:00,Lodging/residential,57334,,13.9,8,5,48.5667
943,1,01-01-2016 00:00,Entertainment/public assembly,5682,,13.9,,2.8,0
944,0,01-01-2016 00:00,Services,389641,,12.8,,0.6,127.717
945,0,01-01-2016 00:00,Office,332447,,12.2,,-1.7,0
946,0,01-01-2016 00:00,Education,177216,,11.1,,-2.8,171.633
947,0,01-01-2016 00:00,Education,91629,,11.1,,-3.3,73.0778
948,0,01-01-2016 00:00,Entertainment/public assembly,20372,,10,6,-2.2,630.5
949,0,01-01-2016 00:00,Lodging/residential,86786,,9.4,,-3.9,0
950,0,01-01-2016 00:00,Entertainment/public assembly,16052,,10.6,4,-4.4,110.317
951,0,01-01-2016 00:00,Office,103924,,11.1,2,-3.3,474.05
952,0,01-01-2016 00:00,Education,218024,,11.7,,-2.2,464.917
953,0,01-01-2016 00:00,Entertainment/public assembly,563782,,12.8,,-1.1,4012.26
954,0,01-01-2016 00:00,Education,305224,,14.4,6,0.6,838.544
955,0,01-01-2016 00:00,Education,198488,,15,,1.7,154.05
956,1,01-01-2016 00:00,Office,86167,,13.9,,2.2,0
957,0,01-01-2016 00:00,Education,111195,,15,,2.8,917.035
958,0,01-01-2016 00:00,Entertainment/public assembly,234819,,15,,3.3,236.783
959,0,01-01-2016 00:00,Education,128536,,14.4,,2.2,61.8
960,0,01-01-2016 00:00,Education,56137,,13.9,4,2.8,454.63
961,0,01-01-2016 00:00,Education,155882,,12.8,4,3.3,109.5
962,0,01-01-2016 00:00,Public services,492898,,12.2,,4.4,803.57
963,0,01-01-2016 00:00,Lodging/residential,44784,,11.7,,3.9,919.3
964,1,01-01-2016 00:00,Education,130577,,11.1,,3.3,340.18
965,0,01-01-2016 00:00,Lodging/residential,45086,,10.6,,2.2,1500.8
966,0,01-01-2016 00:00,Education,393530,,10,6,0,381.05
967,0,01-01-2016 00:00,Entertainment/public assembly,119262,,8.9,,-1.7,3363.72
968,0,01-01-2016 00:00,Education,153999,,7.8,,-2.8,898.31
969,0,01-01-2016 00:00,Education,193723,,7.8,,-1.7,0
970,1,01-01-2016 00:00,Services,346056,,8.3,,-3.9,751.51
971,0,01-01-2016 00:00,Lodging/residential,301307,,6.1,,-3.3,2994.05
972,0,01-01-2016 00:00,Education,282152,,5,4,-5,0
973,0,01-01-2016 00:00,Office,193960,,6.1,4,-5,4116.9
974,0,01-01-2016 00:00,Education,186572,,8.9,4,-6.1,2179.16
975,0,01-01-2016 00:00,Entertainment/public assembly,426472,,10.6,2,-5.6,0
976,1,01-01-2016 00:00,Education,59498,,11.7,2,-5,2637.8
977,0,01-01-2016 00:00,Office,8837,,12.8,2,-4.4,597.8
978,0,01-01-2016 00:00,Education,258491,,14.4,2,-2.2,12.25
979,0,01-01-2016 00:00,Entertainment/public assembly,52357,,15,2,-0.6,40.17
980,0,01-01-2016 00:00,Entertainment/public assembly,34819,,15.6,4,-1.7,1967.7
981,0,01-01-2016 00:00,Education,167055,,14.4,2,-3.9,0
982,0,01-01-2016 00:00,Services,373416,,13.3,2,-7.8,2075.66
983,0,01-01-2016 00:00,Entertainment/public assembly,122122,,11.1,2,-6.1,1031.89
984,0,01-01-2016 00:00,Services,214252,,9.4,0,-5.6,57.58
985,0,01-01-2016 00:00,Office,34758,,8.9,0,-2.8,1746.52
986,0,01-01-2016 00:00,Office,34072,,7.8,0,-1.1,0
987,0,01-01-2016 00:00,Education,166395,,7.2,0,-0.6,0
988,0,01-01-2016 00:00,Office,24463,,6.7,0,-0.6,1562.77
989,0,01-01-2016 00:00,Education,168696,,6.1,0,0,113.96
990,0,01-01-2016 00:00,Office,82939,,4.4,0,0,0
991,0,01-01-2016 00:00,Education,57811,,2.8,0,0,582.7
992,1,01-01-2016 00:00,Office,51483,,3.3,0,0.6,3987.86
993,0,01-01-2016 00:00,Education,428647,,3.9,0,0.6,165.37
994,1,01-01-2016 00:00,Education,108392,,4.4,0,0.6,2432.45
995,0,01-01-2016 00:00,Education,46230,,4.4,0,1.1,0
996,0,01-01-2016 00:00,Education,77632,,3.3,2,0.6,362.98
997,1,01-01-2016 00:00,Office,38173,,6.1,0,0.6,1491.22
998,0,01-01-2016 00:00,Education,173479,,9.4,0,-1.1,4791.84
